repo_full_name,total_pkgs,total_vulns,kev_count,kev_rate,scan_at
11ty/eleventy,784,127,1,0.007874,2026-03-02T11:32:08.879220+00:00
15Dkatz/official_joke_api,538,99,0,0.0,2026-03-02T11:32:08.879220+00:00
1j01/jspaint,1250,171,2,0.011696,2026-03-02T11:32:08.879220+00:00
AMAI-GmbH/AI-Expert-Roadmap,1212,196,1,0.005102,2026-03-02T11:32:08.879220+00:00
AR-js-org/AR.js,257,53,0,0.0,2026-03-02T11:32:08.879220+00:00
Aerolab/blockrain.js,242,44,1,0.022727,2026-03-02T11:32:08.879220+00:00
ApoorvSaxena/lozad.js,970,141,0,0.0,2026-03-02T11:32:08.879220+00:00
Azgaar/Fantasy-Map-Generator,191,33,1,0.030303,2026-03-02T11:32:08.879220+00:00
BMayhew/awesome-sites-to-test-on,62,31,0,0.0,2026-03-02T11:32:08.879220+00:00
BrasilAPI/BrasilAPI,868,174,1,0.005747,2026-03-02T11:32:08.879220+00:00
BrowserSync/browser-sync,594,119,0,0.0,2026-03-02T11:32:08.879220+00:00
Chalarangelo/30-seconds-of-interviews,763,177,0,0.0,2026-03-02T11:32:08.879220+00:00
Charca/bootbot,85,44,0,0.0,2026-03-02T11:32:08.879220+00:00
CodeGenieApp/serverless-express,1034,157,0,0.0,2026-03-02T11:32:08.879220+00:00
ConardLi/easy-dataset,1326,233,2,0.008584,2026-03-02T11:32:08.879220+00:00
ConsenSys-archive/ganache-ui,3012,318,2,0.006289,2026-03-02T11:32:08.879220+00:00
Countly/countly-server,943,166,1,0.006024,2026-03-02T11:32:08.879220+00:00
Dash-Industry-Forum/dash.js,778,166,0,0.0,2026-03-02T11:32:08.879220+00:00
DavidHDev/react-bits,665,89,1,0.011236,2026-03-02T11:32:08.879220+00:00
DevExpress/testcafe,1258,175,0,0.0,2026-03-02T11:32:08.879220+00:00
EddieHubCommunity/BioDrop,1571,228,0,0.0,2026-03-02T11:32:08.879220+00:00
ElemeFE/v-charts,1198,296,0,0.0,2026-03-02T11:32:08.879220+00:00
EricSmekens/jsep,728,162,1,0.006173,2026-03-02T11:32:08.879220+00:00
ExactTarget/fuelux,661,194,3,0.015464,2026-03-02T11:32:08.879220+00:00
FaisalUmair/udemy-downloader-gui,369,117,3,0.025641,2026-03-02T11:32:08.879220+00:00
FilipePS/Traduzir-paginas-web,432,46,0,0.0,2026-03-02T11:32:08.879220+00:00
Foundry376/Mailspring,590,132,2,0.015152,2026-03-02T11:32:08.879220+00:00
FredrikNoren/ungit,853,180,4,0.022222,2026-03-02T11:32:08.879220+00:00
Gar-b-age/CookLikeHOC,169,28,1,0.035714,2026-03-02T11:32:08.879220+00:00
GitSquared/edex-ui,391,105,2,0.019048,2026-03-02T11:32:08.879220+00:00
GoogleChromeLabs/ProjectVisBug,1314,202,1,0.00495,2026-03-02T11:32:08.879220+00:00
GoogleChromeLabs/react-adaptive-hooks,753,121,0,0.0,2026-03-02T11:32:08.879220+00:00
GoogleChrome/samples,101,23,0,0.0,2026-03-02T11:32:08.879220+00:00
GoogleChrome/web-vitals,911,137,0,0.0,2026-03-02T11:32:08.879220+00:00
GoogleChrome/workbox,1721,255,0,0.0,2026-03-02T11:32:08.879220+00:00
HabitRPG/habitica,1731,270,1,0.003704,2026-03-02T11:32:08.879220+00:00
HashLips/hashlips_art_engine,64,32,0,0.0,2026-03-02T11:32:08.879220+00:00
HeyPuter/puter,1569,288,2,0.006944,2026-03-02T11:32:08.879220+00:00
HuddleEng/PhantomCSS,85,32,0,0.0,2026-03-02T11:32:08.879220+00:00
Hypfer/Valetudo,1306,189,0,0.0,2026-03-02T11:32:08.879220+00:00
InSeong-So/IT-Note,464,40,0,0.0,2026-03-02T11:32:08.879220+00:00
JackyAndroid/AndroidInterview-Q-A,1215,198,1,0.005051,2026-03-02T11:32:08.879220+00:00
Jackywine/Bella,200,50,0,0.0,2026-03-02T11:32:08.879220+00:00
JannisX11/blockbench,805,163,3,0.018405,2026-03-02T11:32:08.879220+00:00
KartikChugh/Otto,1344,221,0,0.0,2026-03-02T11:32:08.879220+00:00
Kristories/awesome-guidelines,328,27,0,0.0,2026-03-02T11:32:08.879220+00:00
Leaflet/Leaflet,524,130,0,0.0,2026-03-02T11:32:08.879220+00:00
LibreSpark/LibreTV,115,57,0,0.0,2026-03-02T11:32:08.879220+00:00
MagicMirrorOrg/MagicMirror,944,198,3,0.015152,2026-03-02T11:32:08.879220+00:00
MithrilJS/mithril.js,182,40,0,0.0,2026-03-02T11:32:08.879220+00:00
MoOx/postcss-cssnext,913,177,0,0.0,2026-03-02T11:32:08.879220+00:00
Modernizr/Modernizr,827,135,2,0.014815,2026-03-02T11:32:08.879220+00:00
ModusCreateOrg/budgeting,1277,232,0,0.0,2026-03-02T11:32:08.879220+00:00
MrSwitch/hello.js,710,151,1,0.006623,2026-03-02T11:32:08.879220+00:00
MrXujiang/h5-Dooring,1782,276,0,0.0,2026-03-02T11:32:08.879220+00:00
NASAWorldWind/WebWorldWind,258,103,0,0.0,2026-03-02T11:32:08.879220+00:00
NaturalNode/natural,520,60,0,0.0,2026-03-02T11:32:08.879220+00:00
NervJS/nerv,1002,175,0,0.0,2026-03-02T11:32:08.879220+00:00
OnsenUI/OnsenUI,2445,263,2,0.007605,2026-03-02T11:32:08.879220+00:00
OpenSignLabs/OpenSign,38,5,0,0.0,2026-03-02T11:32:08.879220+00:00
Pikaday/Pikaday,100,44,0,0.0,2026-03-02T11:32:08.879220+00:00
PrismJS/prism,682,119,0,0.0,2026-03-02T11:32:08.879220+00:00
RaspberryPiFoundation/blockly-samples,1704,240,0,0.0,2026-03-02T11:32:08.879220+00:00
RobinHerbots/Inputmask,710,124,1,0.008065,2026-03-02T11:32:08.879220+00:00
SaekiRaku/vscode-rainbow-fart,731,162,0,0.0,2026-03-02T11:32:08.879220+00:00
Sage/streamlinejs,252,66,0,0.0,2026-03-02T11:32:08.879220+00:00
Stuk/jszip,415,104,0,0.0,2026-03-02T11:32:08.879220+00:00
TalAter/annyang,719,143,1,0.006993,2026-03-02T11:32:08.879220+00:00
Tencent/kbone,908,145,0,0.0,2026-03-02T11:32:08.879220+00:00
TheOdinProject/curriculum,38,7,0,0.0,2026-03-02T11:32:08.879220+00:00
ToolJet/ToolJet,333,55,0,0.0,2026-03-02T11:32:08.879220+00:00
Unitech/pm2,197,66,0,0.0,2026-03-02T11:32:08.879220+00:00
VulcanJS/Vulcan,1556,274,0,0.0,2026-03-02T11:32:08.879220+00:00
Wei-Shaw/claude-relay-service,660,116,0,0.0,2026-03-02T11:32:08.879220+00:00
WickyNilliams/headroom.js,263,65,0,0.0,2026-03-02T11:32:08.879220+00:00
WordPress/gutenberg,3512,339,1,0.00295,2026-03-02T11:32:08.879220+00:00
YMFE/yapi,1574,364,0,0.0,2026-03-02T11:32:08.879220+00:00
a597873885/webfunny_monitor,698,154,0,0.0,2026-03-02T11:32:08.879220+00:00
aFarkas/lazysizes,391,93,2,0.021505,2026-03-02T11:32:08.879220+00:00
aaronshaf/react-toggle,837,171,0,0.0,2026-03-02T11:32:08.879220+00:00
addyosmani/critical,889,105,1,0.009524,2026-03-02T11:32:08.879220+00:00
adrianhajdin/award-winning-website,409,64,1,0.015625,2026-03-02T11:32:08.879220+00:00
adrianhajdin/project_3D_developer_portfolio,236,56,1,0.017857,2026-03-02T11:32:08.879220+00:00
affaan-m/everything-claude-code,156,37,0,0.0,2026-03-02T11:32:08.879220+00:00
aframevr/aframe,988,197,0,0.0,2026-03-02T11:32:08.879220+00:00
akira-cn/FE_You_dont_know,945,196,0,0.0,2026-03-02T11:32:08.879220+00:00
aksakalli/gtop,102,29,0,0.0,2026-03-02T11:32:08.879220+00:00
alanshaw/david,351,82,0,0.0,2026-03-02T11:32:08.879220+00:00
alyssaxuu/screenity,848,171,0,0.0,2026-03-02T11:32:08.879220+00:00
amazon-archives/amazon-cognito-identity-js,665,157,0,0.0,2026-03-02T11:32:08.879220+00:00
amejiarosario/dsa.js-data-structures-algorithms-javascript,1175,152,0,0.0,2026-03-02T11:32:08.879220+00:00
amsul/pickadate.js,238,80,1,0.0125,2026-03-02T11:32:08.879220+00:00
andrepimenta/claude-code-chat,485,105,0,0.0,2026-03-02T11:32:08.879220+00:00
angular-fullstack/generator-angular-fullstack,961,125,0,0.0,2026-03-02T11:32:08.879220+00:00
anuraghazra/github-readme-stats,575,104,0,0.0,2026-03-02T11:32:08.879220+00:00
anvaka/city-roads,273,81,1,0.012346,2026-03-02T11:32:08.879220+00:00
apache/cordova-cli,465,75,0,0.0,2026-03-02T11:32:08.879220+00:00
apache/pouchdb,812,147,0,0.0,2026-03-02T11:32:08.879220+00:00
apidoc/apidoc,531,104,1,0.009615,2026-03-02T11:32:08.879220+00:00
apocas/dockerode,129,43,0,0.0,2026-03-02T11:32:08.879220+00:00
apollographql/react-apollo,581,112,0,0.0,2026-03-02T11:32:08.879220+00:00
ascoders/weekly,139,26,0,0.0,2026-03-02T11:32:08.879220+00:00
assaf/zombie,655,115,0,0.0,2026-03-02T11:32:08.879220+00:00
atom/atom,820,145,0,0.0,2026-03-02T11:32:08.879220+00:00
atom/autocomplete-plus,175,59,1,0.016949,2026-03-02T11:32:08.879220+00:00
auduno/clmtrackr,93,18,0,0.0,2026-03-02T11:32:08.879220+00:00
aui/font-spider,431,92,0,0.0,2026-03-02T11:32:08.879220+00:00
avajs/ava,821,84,0,0.0,2026-03-02T11:32:08.879220+00:00
avwo/whistle,1011,183,2,0.010929,2026-03-02T11:32:08.879220+00:00
ayastreb/money-tracker,1390,179,1,0.005587,2026-03-02T11:32:08.879220+00:00
azukaar/Cosmos-Server,850,136,1,0.007353,2026-03-02T11:32:08.879220+00:00
baidu/san,806,144,0,0.0,2026-03-02T11:32:08.879220+00:00
ballercat/walt,484,94,0,0.0,2026-03-02T11:32:08.879220+00:00
be5invis/Iosevka,397,36,0,0.0,2026-03-02T11:32:08.879220+00:00
beefproject/beef,84,41,0,0.0,2026-03-02T11:32:08.879220+00:00
benweet/stackedit,1310,234,0,0.0,2026-03-02T11:32:08.879220+00:00
bestiejs/benchmark.js,175,63,0,0.0,2026-03-02T11:32:08.879220+00:00
bilibili/flv.js,394,107,0,0.0,2026-03-02T11:32:08.879220+00:00
blueedgetechno/win11React,1442,218,1,0.004587,2026-03-02T11:32:08.879220+00:00
blueimp/JavaScript-MD5,185,55,0,0.0,2026-03-02T11:32:08.879220+00:00
bmad-code-org/BMAD-METHOD,922,108,1,0.009259,2026-03-02T11:32:08.879220+00:00
bootboxjs/bootbox,673,145,2,0.013793,2026-03-02T11:32:08.879220+00:00
bowser-js/bowser,902,193,0,0.0,2026-03-02T11:32:08.879220+00:00
btford/write-good,332,59,0,0.0,2026-03-02T11:32:08.879220+00:00
caolan/async,764,148,0,0.0,2026-03-02T11:32:08.879220+00:00
catamphetamine/react-phone-number-input,974,162,0,0.0,2026-03-02T11:32:08.879220+00:00
cazala/synaptic,449,99,0,0.0,2026-03-02T11:32:08.879220+00:00
ccampbell/mousetrap,222,64,0,0.0,2026-03-02T11:32:08.879220+00:00
cferdinandi/smooth-scroll,345,50,0,0.0,2026-03-02T11:32:08.879220+00:00
chavyleung/scripts,89,44,0,0.0,2026-03-02T11:32:08.879220+00:00
chrisleekr/binance-trading-bot,1081,151,0,0.0,2026-03-02T11:32:08.879220+00:00
chrisvfritz/prerender-spa-plugin,589,109,1,0.009174,2026-03-02T11:32:08.879220+00:00
codecombat/codecombat,2143,280,1,0.003571,2026-03-02T11:32:08.879220+00:00
commitizen/cz-cli,884,139,0,0.0,2026-03-02T11:32:08.879220+00:00
coryhouse/react-slingshot,1127,218,0,0.0,2026-03-02T11:32:08.879220+00:00
crsnbrt/keysim,1850,235,0,0.0,2026-03-02T11:32:08.879220+00:00
cryptpad/cryptpad,477,129,1,0.007752,2026-03-02T11:32:08.879220+00:00
csstools/postcss-font-magician,16,5,0,0.0,2026-03-02T11:32:08.879220+00:00
cure53/DOMPurify,798,131,1,0.007634,2026-03-02T11:32:08.879220+00:00
cytoscape/cytoscape.js,675,122,0,0.0,2026-03-02T11:32:08.879220+00:00
dagrejs/dagre,403,48,0,0.0,2026-03-02T11:32:08.879220+00:00
danburzo/percollate,541,79,1,0.012658,2026-03-02T11:32:08.879220+00:00
dat-ecosystem/dat,584,81,0,0.0,2026-03-02T11:32:08.879220+00:00
dataarts/dat.gui,593,115,0,0.0,2026-03-02T11:32:08.879220+00:00
davidjbradshaw/iframe-resizer,1352,196,2,0.010204,2026-03-02T11:32:08.879220+00:00
dc-js/dc.js,811,202,1,0.00495,2026-03-02T11:32:08.879220+00:00
denysdovhan/bash-handbook,169,27,0,0.0,2026-03-02T11:32:08.879220+00:00
depcheck/depcheck,565,70,0,0.0,2026-03-02T11:32:08.879220+00:00
dequelabs/axe-core,1019,187,1,0.005348,2026-03-02T11:32:08.879220+00:00
desandro/imagesloaded,129,32,1,0.03125,2026-03-02T11:32:08.879220+00:00
designmodo/Flat-UI,837,164,0,0.0,2026-03-02T11:32:08.879220+00:00
dessant/buster,1566,189,0,0.0,2026-03-02T11:32:08.879220+00:00
developit/microbundle,1125,122,0,0.0,2026-03-02T11:32:08.879220+00:00
developit/redaxios,1417,183,1,0.005464,2026-03-02T11:32:08.879220+00:00
developit/unfetch,797,79,0,0.0,2026-03-02T11:32:08.879220+00:00
devxprite/infoooze,350,79,0,0.0,2026-03-02T11:32:08.879220+00:00
dherault/serverless-offline,802,124,0,0.0,2026-03-02T11:32:08.879220+00:00
di-sukharev/opencommit,580,100,0,0.0,2026-03-02T11:32:08.879220+00:00
dice2o/BingGPT,484,109,2,0.018349,2026-03-02T11:32:08.879220+00:00
digitalocean/nginxconfig.io,1390,176,0,0.0,2026-03-02T11:32:08.879220+00:00
dimsemenov/PhotoSwipe,338,59,0,0.0,2026-03-02T11:32:08.879220+00:00
distillpub/template,379,98,0,0.0,2026-03-02T11:32:08.879220+00:00
documentationjs/documentation,745,95,0,0.0,2026-03-02T11:32:08.879220+00:00
dotenvx/dotenvx,751,112,0,0.0,2026-03-02T11:32:08.879220+00:00
draios/sysdig-inspect,1476,206,1,0.004854,2026-03-02T11:32:08.879220+00:00
dropbox/dropbox-sdk-js,675,138,0,0.0,2026-03-02T11:32:08.879220+00:00
dscalzi/HeliosLauncher,437,114,3,0.026316,2026-03-02T11:32:08.879220+00:00
dtjohnson/xlsx-populate,804,158,0,0.0,2026-03-02T11:32:08.879220+00:00
duxianwei520/react,1327,234,0,0.0,2026-03-02T11:32:08.879220+00:00
dyatko/arkit,816,100,0,0.0,2026-03-02T11:32:08.879220+00:00
dylang/npm-check,973,93,0,0.0,2026-03-02T11:32:08.879220+00:00
dzoba/gptrpg,29,15,0,0.0,2026-03-02T11:32:08.879220+00:00
electerm/electerm,1033,199,3,0.015075,2026-03-02T11:32:08.879220+00:00
electron/minimal-repro,73,31,2,0.064516,2026-03-02T11:32:08.879220+00:00
emn178/js-sha256,179,39,0,0.0,2026-03-02T11:32:08.879220+00:00
entropic-dev/entropic,261,52,0,0.0,2026-03-02T11:32:08.879220+00:00
eslint-community/eslint-plugin-promise,583,46,0,0.0,2026-03-02T11:32:08.879220+00:00
evolus/pencil,365,104,2,0.019231,2026-03-02T11:32:08.879220+00:00
eyaltoledano/claude-task-master,2134,290,2,0.006897,2026-03-02T11:32:08.879220+00:00
facebook/create-react-app,2126,259,1,0.003861,2026-03-02T11:32:08.879220+00:00
faisalman/ua-parser-js,317,67,0,0.0,2026-03-02T11:32:08.879220+00:00
fengyuanchen/cropper,924,148,2,0.013514,2026-03-02T11:32:08.879220+00:00
fengyuanchen/viewerjs,1005,137,1,0.007299,2026-03-02T11:32:08.879220+00:00
filamentgroup/loadCSS,283,65,1,0.015385,2026-03-02T11:32:08.879220+00:00
floccusaddon/floccus,1268,167,0,0.0,2026-03-02T11:32:08.879220+00:00
flot/flot,822,146,0,0.0,2026-03-02T11:32:08.879220+00:00
flutterchina/flutter-in-action,38,6,0,0.0,2026-03-02T11:32:08.879220+00:00
forwardemail/supertest,572,89,0,0.0,2026-03-02T11:32:08.879220+00:00
framework7io/framework7,1104,142,1,0.007042,2026-03-02T11:32:08.879220+00:00
francisrstokes/super-expressive,200,49,0,0.0,2026-03-02T11:32:08.879220+00:00
gchq/CyberChef,1400,276,1,0.003623,2026-03-02T11:32:08.879220+00:00
gibber-cc/gibber,747,112,0,0.0,2026-03-02T11:32:08.879220+00:00
gildas-lormeau/SingleFile,125,29,0,0.0,2026-03-02T11:32:08.879220+00:00
git-tips/tips,31,3,0,0.0,2026-03-02T11:32:08.879220+00:00
github/awesome-copilot,73,19,0,0.0,2026-03-02T11:32:08.879220+00:00
givanz/VvvebJs,555,93,0,0.0,2026-03-02T11:32:08.879220+00:00
glenjamin/ultimate-hot-reloading-example,668,123,0,0.0,2026-03-02T11:32:08.879220+00:00
glidejs/glide,646,78,0,0.0,2026-03-02T11:32:08.879220+00:00
goabstract/Awesome-Design-Tools,184,70,0,0.0,2026-03-02T11:32:08.879220+00:00
golden-layout/golden-layout,721,166,0,0.0,2026-03-02T11:32:08.879220+00:00
goofychris/art-template,543,122,0,0.0,2026-03-02T11:32:08.879220+00:00
gorhill/uBlock,92,24,0,0.0,2026-03-02T11:32:08.879220+00:00
gpujs/gpu.js,641,140,0,0.0,2026-03-02T11:32:08.879220+00:00
graphql/graphql-spec,157,32,0,0.0,2026-03-02T11:32:08.879220+00:00
greatsuspender/thegreatsuspender,322,57,0,0.0,2026-03-02T11:32:08.879220+00:00
gsd-build/get-shit-done,82,15,0,0.0,2026-03-02T11:32:08.879220+00:00
guidone/node-red-contrib-chatbot,2229,327,0,0.0,2026-03-02T11:32:08.879220+00:00
h5bp/html5-boilerplate,360,64,0,0.0,2026-03-02T11:32:08.879220+00:00
hackmdio/codimd,1981,350,1,0.002857,2026-03-02T11:32:08.879220+00:00
hakimel/reveal.js,716,119,1,0.008403,2026-03-02T11:32:08.879220+00:00
heyman/heynote,847,160,3,0.01875,2026-03-02T11:32:08.879220+00:00
highlightjs/highlight.js,423,97,0,0.0,2026-03-02T11:32:08.879220+00:00
hound-search/hound,624,110,0,0.0,2026-03-02T11:32:08.879220+00:00
hubotio/hubot,82,27,0,0.0,2026-03-02T11:32:08.879220+00:00
humanwhocodes/computer-science-in-javascript,127,39,0,0.0,2026-03-02T11:32:08.879220+00:00
i18next/i18next-browser-languageDetector,825,114,0,0.0,2026-03-02T11:32:08.879220+00:00
i18next/react-i18next,815,105,1,0.009524,2026-03-02T11:32:08.879220+00:00
iamkun/dayjs,1602,277,0,0.0,2026-03-02T11:32:08.879220+00:00
illuspas/Node-Media-Server,190,59,0,0.0,2026-03-02T11:32:08.879220+00:00
imba/imba,534,112,0,0.0,2026-03-02T11:32:08.879220+00:00
imfunniee/gitfolio,171,76,0,0.0,2026-03-02T11:32:08.879220+00:00
imgix/imgix.js,1085,174,1,0.005747,2026-03-02T11:32:08.879220+00:00
impress/impress.js,498,104,1,0.009615,2026-03-02T11:32:08.879220+00:00
indexeddbshim/IndexedDBShim,1287,116,0,0.0,2026-03-02T11:32:08.879220+00:00
infernojs/inferno,1195,150,0,0.0,2026-03-02T11:32:08.879220+00:00
ipfs/awesome-ipfs,870,132,0,0.0,2026-03-02T11:32:08.879220+00:00
istanbuljs/nyc,721,100,0,0.0,2026-03-02T11:32:08.879220+00:00
jackmoore/autosize,404,51,0,0.0,2026-03-02T11:32:08.879220+00:00
jackocnr/intl-tel-input,1171,162,2,0.012346,2026-03-02T11:32:08.879220+00:00
jagenjo/litegraph.js,659,92,0,0.0,2026-03-02T11:32:08.879220+00:00
jakearchibald/svgomg,820,95,0,0.0,2026-03-02T11:32:08.879220+00:00
jakesgordon/javascript-state-machine,469,73,0,0.0,2026-03-02T11:32:08.879220+00:00
jalaali/moment-jalaali,162,45,0,0.0,2026-03-02T11:32:08.879220+00:00
jaredhanson/passport-http-bearer,27,15,0,0.0,2026-03-02T11:32:08.879220+00:00
jaredreich/notie,718,129,0,0.0,2026-03-02T11:32:08.879220+00:00
jaredreich/pell,615,99,0,0.0,2026-03-02T11:32:08.879220+00:00
jashkenas/backbone,330,106,0,0.0,2026-03-02T11:32:08.879220+00:00
jashkenas/underscore,895,153,0,0.0,2026-03-02T11:32:08.879220+00:00
javve/list.js,576,88,1,0.011364,2026-03-02T11:32:08.879220+00:00
jcc/v-distpicker,388,84,1,0.011905,2026-03-02T11:32:08.879220+00:00
jdan/tota11y,701,186,1,0.005376,2026-03-02T11:32:08.879220+00:00
jerosoler/Drawflow,1104,172,0,0.0,2026-03-02T11:32:08.879220+00:00
jezen/is-thirteen,279,55,0,0.0,2026-03-02T11:32:08.879220+00:00
jfhbrook/node-ecstatic,301,86,0,0.0,2026-03-02T11:32:08.879220+00:00
jhuckaby/Cronicle,294,85,1,0.011765,2026-03-02T11:32:08.879220+00:00
jimhigson/oboe.js,964,191,0,0.0,2026-03-02T11:32:08.879220+00:00
joaonuno/tree-model-js,352,93,0,0.0,2026-03-02T11:32:08.879220+00:00
joemccann/dillinger,2248,337,2,0.005935,2026-03-02T11:32:08.879220+00:00
josdejong/jsoneditor,758,81,0,0.0,2026-03-02T11:32:08.879220+00:00
josdejong/mathjs,903,140,0,0.0,2026-03-02T11:32:08.879220+00:00
jquery-form/form,405,87,1,0.011494,2026-03-02T11:32:08.879220+00:00
jquery/jquery-ui,315,75,1,0.013333,2026-03-02T11:32:08.879220+00:00
jquery/jquery,766,141,1,0.007092,2026-03-02T11:32:08.879220+00:00
js-cookie/js-cookie,738,141,1,0.007092,2026-03-02T11:32:08.879220+00:00
jsdoc/jsdoc,542,62,0,0.0,2026-03-02T11:32:08.879220+00:00
jshint/jshint,648,113,1,0.00885,2026-03-02T11:32:08.879220+00:00
json-editor/json-editor,1537,234,2,0.008547,2026-03-02T11:32:08.879220+00:00
json-schema-org/json-schema-spec,517,53,0,0.0,2026-03-02T11:32:08.879220+00:00
json5/json5,393,72,0,0.0,2026-03-02T11:32:08.879220+00:00
jsonresume/resume-cli,945,169,1,0.005917,2026-03-02T11:32:08.879220+00:00
jtydhr88/ComfyUI-qwenmultiangle,96,28,1,0.035714,2026-03-02T11:32:08.879220+00:00
juliangarnier/anime,210,87,0,0.0,2026-03-02T11:32:08.879220+00:00
justlovemaki/AIClient-2-API,473,97,0,0.0,2026-03-02T11:32:08.879220+00:00
kangax/html-minifier,407,90,0,0.0,2026-03-02T11:32:08.879220+00:00
kefranabg/readme-md-generator,496,103,0,0.0,2026-03-02T11:32:08.879220+00:00
koajs/koa,368,51,0,0.0,2026-03-02T11:32:08.879220+00:00
koush/electron-chrome,346,100,2,0.02,2026-03-02T11:32:08.879220+00:00
krausest/js-framework-benchmark,455,64,0,0.0,2026-03-02T11:32:08.879220+00:00
krisk/Fuse,874,122,1,0.008197,2026-03-02T11:32:08.879220+00:00
kska32/ebooks,496,90,2,0.022222,2026-03-02T11:32:08.879220+00:00
l0o0/translators_CN,110,27,0,0.0,2026-03-02T11:32:08.879220+00:00
laravel-mix/laravel-mix,1073,176,0,0.0,2026-03-02T11:32:08.879220+00:00
larsenwork/postcss-easing-gradients,526,101,0,0.0,2026-03-02T11:32:08.879220+00:00
layui/layui,647,82,1,0.012195,2026-03-02T11:32:08.879220+00:00
leaningtech/webvm,237,59,1,0.016949,2026-03-02T11:32:08.879220+00:00
lebab/lebab,465,63,0,0.0,2026-03-02T11:32:08.879220+00:00
leonardomso/33-js-concepts,151,42,1,0.02381,2026-03-02T11:32:08.879220+00:00
liabru/matter-js,1041,201,0,0.0,2026-03-02T11:32:08.879220+00:00
lindell/JsBarcode,958,135,0,0.0,2026-03-02T11:32:08.879220+00:00
lint-staged/lint-staged,411,65,1,0.015385,2026-03-02T11:32:08.879220+00:00
listen1/listen1_chrome_extension,331,50,1,0.02,2026-03-02T11:32:08.879220+00:00
listen1/listen1_desktop,351,89,2,0.022472,2026-03-02T11:32:08.879220+00:00
livebud/bud,14,9,0,0.0,2026-03-02T11:32:08.879220+00:00
liyupi/ai-guide,1188,194,0,0.0,2026-03-02T11:32:08.879220+00:00
lockfale/OSINT-Framework,30,10,0,0.0,2026-03-02T11:32:08.879220+00:00
locomotivemtl/locomotive-scroll,2018,288,1,0.003472,2026-03-02T11:32:08.879220+00:00
lodash/lodash,493,122,1,0.008197,2026-03-02T11:32:08.879220+00:00
log4js-node/log4js-node,434,66,0,0.0,2026-03-02T11:32:08.879220+00:00
loiane/javascript-datastructures-algorithms,329,49,0,0.0,2026-03-02T11:32:08.879220+00:00
lokesh/color-thief,692,102,0,0.0,2026-03-02T11:32:08.879220+00:00
lokesh/lightbox2,99,31,1,0.032258,2026-03-02T11:32:08.879220+00:00
lrsjng/h5ai,603,131,0,0.0,2026-03-02T11:32:08.879220+00:00
luin/medis,847,209,3,0.014354,2026-03-02T11:32:08.879220+00:00
lutzroeder/netron,377,98,2,0.020408,2026-03-02T11:32:08.879220+00:00
lvarayut/relay-fullstack,912,182,0,0.0,2026-03-02T11:32:08.879220+00:00
mandatoryprogrammer/thermoptic,396,105,0,0.0,2026-03-02T11:32:08.879220+00:00
marcelscruz/public-apis,26,5,0,0.0,2026-03-02T11:32:08.879220+00:00
margox/braft-editor,968,210,0,0.0,2026-03-02T11:32:08.879220+00:00
marko-js/marko,771,95,0,0.0,2026-03-02T11:32:08.879220+00:00
markodenic/web-development-resources,49,38,0,0.0,2026-03-02T11:32:08.879220+00:00
marmelab/gremlins.js,871,119,0,0.0,2026-03-02T11:32:08.879220+00:00
mattboldt/typed.js,439,54,0,0.0,2026-03-02T11:32:08.879220+00:00
mattdesl/canvas-sketch,654,66,0,0.0,2026-03-02T11:32:08.879220+00:00
maxwellito/vivus,345,105,0,0.0,2026-03-02T11:32:08.879220+00:00
mediaelement/mediaelement,994,131,0,0.0,2026-03-02T11:32:08.879220+00:00
memochou1993/gpt-ai-assistant,575,80,0,0.0,2026-03-02T11:32:08.879220+00:00
metafizzy/flickity,252,48,1,0.020833,2026-03-02T11:32:08.879220+00:00
metafizzy/zdog,87,27,0,0.0,2026-03-02T11:32:08.879220+00:00
metalsmith/metalsmith,483,98,0,0.0,2026-03-02T11:32:08.879220+00:00
metarhia/impress,107,29,0,0.0,2026-03-02T11:32:08.879220+00:00
meteor/meteor,327,36,0,0.0,2026-03-02T11:32:08.879220+00:00
metowolf/vCards,305,45,0,0.0,2026-03-02T11:32:08.879220+00:00
microsoft/vscode,1343,234,2,0.008547,2026-03-02T11:32:08.879220+00:00
mikaelbr/node-notifier,796,86,0,0.0,2026-03-02T11:32:08.879220+00:00
ml5js/ml5-library,2260,343,0,0.0,2026-03-02T11:32:08.879220+00:00
mochajs/mocha,803,128,0,0.0,2026-03-02T11:32:08.879220+00:00
moment/moment,563,131,0,0.0,2026-03-02T11:32:08.879220+00:00
motdotla/dotenv,602,101,0,0.0,2026-03-02T11:32:08.879220+00:00
mozilla/readability,504,106,0,0.0,2026-03-02T11:32:08.879220+00:00
mroderick/PubSubJS,338,82,0,0.0,2026-03-02T11:32:08.879220+00:00
myliang/x-spreadsheet,773,188,0,0.0,2026-03-02T11:32:08.879220+00:00
nadbm/react-datasheet,657,99,0,0.0,2026-03-02T11:32:08.879220+00:00
ndelvalle/v-click-outside,1194,108,0,0.0,2026-03-02T11:32:08.879220+00:00
necolas/react-native-web,1089,198,0,0.0,2026-03-02T11:32:08.879220+00:00
needim/noty,840,202,0,0.0,2026-03-02T11:32:08.879220+00:00
nestcn/docs.nestjs.cn,338,66,0,0.0,2026-03-02T11:32:08.879220+00:00
nextapps-de/flexsearch,357,56,0,0.0,2026-03-02T11:32:08.879220+00:00
nextcloud/mail,1233,194,1,0.005155,2026-03-02T11:32:08.879220+00:00
nfl/react-helmet,658,130,0,0.0,2026-03-02T11:32:08.879220+00:00
node-config/node-config,175,40,0,0.0,2026-03-02T11:32:08.879220+00:00
nodegit/nodegit,446,73,0,0.0,2026-03-02T11:32:08.879220+00:00
nodemailer/nodemailer,255,44,0,0.0,2026-03-02T11:32:08.879220+00:00
nosir/cleave.js,704,119,0,0.0,2026-03-02T11:32:08.879220+00:00
notion-enhancer/notion-enhancer,17,8,0,0.0,2026-03-02T11:32:08.879220+00:00
notwaldorf/tiny-care-terminal,180,62,0,0.0,2026-03-02T11:32:08.879220+00:00
npm/cli,983,133,0,0.0,2026-03-02T11:32:08.879220+00:00
nttgin/BGPalerter,590,108,0,0.0,2026-03-02T11:32:08.879220+00:00
octokatherine/readme.so,1100,141,0,0.0,2026-03-02T11:32:08.879220+00:00
oldboyxx/jira_clone,37,3,0,0.0,2026-03-02T11:32:08.879220+00:00
olton/metroui,328,56,1,0.017857,2026-03-02T11:32:08.879220+00:00
orbitdb/orbitdb,993,160,0,0.0,2026-03-02T11:32:08.879220+00:00
os-js/OS.js,902,153,0,0.0,2026-03-02T11:32:08.879220+00:00
ossf/wg-best-practices-os-developers,30,17,0,0.0,2026-03-02T11:32:08.879220+00:00
pahen/madge,595,105,0,0.0,2026-03-02T11:32:08.879220+00:00
paschmann/rasa-ui,563,158,1,0.006329,2026-03-02T11:32:08.879220+00:00
peaksandpies/universal-analytics,10,4,0,0.0,2026-03-02T11:32:08.879220+00:00
phaserjs/phaser,304,65,0,0.0,2026-03-02T11:32:08.879220+00:00
pickle-com/glass,677,182,2,0.010989,2026-03-02T11:32:08.879220+00:00
piskelapp/piskel,828,181,1,0.005525,2026-03-02T11:32:08.879220+00:00
pistazie/cdk-dia,543,69,0,0.0,2026-03-02T11:32:08.879220+00:00
plankanban/planka,75,24,0,0.0,2026-03-02T11:32:08.879220+00:00
playcanvas/engine,544,85,0,0.0,2026-03-02T11:32:08.879220+00:00
postmanlabs/newman,581,119,0,0.0,2026-03-02T11:32:08.879220+00:00
potree/potree,357,61,0,0.0,2026-03-02T11:32:08.879220+00:00
pouchdb/pouchdb-server,647,121,0,0.0,2026-03-02T11:32:08.879220+00:00
pqina/filepond,862,131,0,0.0,2026-03-02T11:32:08.879220+00:00
preactjs/preact,870,150,1,0.006667,2026-03-02T11:32:08.879220+00:00
processing/p5.js,1228,185,1,0.005405,2026-03-02T11:32:08.879220+00:00
projectfluent/fluent.js,433,74,1,0.013514,2026-03-02T11:32:08.879220+00:00
prose/prose,949,136,0,0.0,2026-03-02T11:32:08.879220+00:00
puppeteer/puppeteer,1096,150,1,0.006667,2026-03-02T11:32:08.879220+00:00
pure-css/pure,638,84,0,0.0,2026-03-02T11:32:08.879220+00:00
purifycss/purifycss,445,108,0,0.0,2026-03-02T11:32:08.879220+00:00
qeeqbox/social-analyzer,407,118,0,0.0,2026-03-02T11:32:08.879220+00:00
qishibo/AnotherRedisDesktopManager,1426,214,2,0.009346,2026-03-02T11:32:08.879220+00:00
ractivejs/ractive,575,148,3,0.02027,2026-03-02T11:32:08.879220+00:00
rastapasta/mapscii,459,74,0,0.0,2026-03-02T11:32:08.879220+00:00
react-boilerplate/react-boilerplate,1292,199,0,0.0,2026-03-02T11:32:08.879220+00:00
react-ga/react-ga,1337,192,0,0.0,2026-03-02T11:32:08.879220+00:00
react-syntax-highlighter/react-syntax-highlighter,1088,169,0,0.0,2026-03-02T11:32:08.879220+00:00
redux-form/redux-form,1059,159,0,0.0,2026-03-02T11:32:08.879220+00:00
release-it/release-it,553,97,0,0.0,2026-03-02T11:32:08.879220+00:00
remix-run/history,973,156,0,0.0,2026-03-02T11:32:08.879220+00:00
remoteinterview/zero,741,133,0,0.0,2026-03-02T11:32:08.879220+00:00
remy/nodemon,719,138,0,0.0,2026-03-02T11:32:08.879220+00:00
reorproject/reor,2052,269,3,0.011152,2026-03-02T11:32:08.879220+00:00
riot/riot,903,136,0,0.0,2026-03-02T11:32:08.879220+00:00
rollup/rollup-starter-lib,17,6,0,0.0,2026-03-02T11:32:08.879220+00:00
romannurik/AndroidAssetStudio,1274,185,1,0.005405,2026-03-02T11:32:08.879220+00:00
rwaldron/johnny-five,599,102,0,0.0,2026-03-02T11:32:08.879220+00:00
salesforce/design-system-react,1454,214,1,0.004673,2026-03-02T11:32:08.879220+00:00
santinic/how2,472,113,0,0.0,2026-03-02T11:32:08.879220+00:00
schlagmichdoch/PairDrop,74,37,0,0.0,2026-03-02T11:32:08.879220+00:00
scratchfoundation/scratch-gui,1938,252,0,0.0,2026-03-02T11:32:08.879220+00:00
seanprashad/leetcode-patterns,1370,181,0,0.0,2026-03-02T11:32:08.879220+00:00
segment-boneyard/nightmare,312,105,2,0.019048,2026-03-02T11:32:08.879220+00:00
select2/select2,366,85,1,0.011765,2026-03-02T11:32:08.879220+00:00
semantic-release/semantic-release,870,146,0,0.0,2026-03-02T11:32:08.879220+00:00
serverless/aws-ai-stack,745,122,1,0.008197,2026-03-02T11:32:08.879220+00:00
serverless/examples,233,49,0,0.0,2026-03-02T11:32:08.879220+00:00
serverless/plugins,496,78,0,0.0,2026-03-02T11:32:08.879220+00:00
serverless/serverless,1069,166,0,0.0,2026-03-02T11:32:08.879220+00:00
shaka-project/shaka-player,880,142,0,0.0,2026-03-02T11:32:08.879220+00:00
shelljs/shelljs,474,64,0,0.0,2026-03-02T11:32:08.879220+00:00
shentao/vue-multiselect,1238,183,1,0.005464,2026-03-02T11:32:08.879220+00:00
showdownjs/showdown,572,138,0,0.0,2026-03-02T11:32:08.879220+00:00
sigalor/whatsapp-web-reveng,262,88,0,0.0,2026-03-02T11:32:08.879220+00:00
simple-icons/simple-icons,641,89,0,0.0,2026-03-02T11:32:08.879220+00:00
simplesmiler/vue-clickaway,202,56,0,0.0,2026-03-02T11:32:08.879220+00:00
sinonjs/sinon,577,91,1,0.010989,2026-03-02T11:32:08.879220+00:00
sintaxi/harp,160,73,0,0.0,2026-03-02T11:32:08.879220+00:00
snapappointments/bootstrap-select,483,96,1,0.010417,2026-03-02T11:32:08.879220+00:00
sockjs/sockjs-client,664,146,0,0.0,2026-03-02T11:32:08.879220+00:00
someshkar/covid19india-cluster,587,137,0,0.0,2026-03-02T11:32:08.879220+00:00
soumyajit4419/Portfolio,1385,195,0,0.0,2026-03-02T11:32:08.879220+00:00
spencermountain/compromise,293,42,0,0.0,2026-03-02T11:32:08.879220+00:00
spiermar/d3-flame-graph,957,143,0,0.0,2026-03-02T11:32:08.879220+00:00
statsd/statsd,253,74,0,0.0,2026-03-02T11:32:08.879220+00:00
steffest/DPaint-js,302,41,0,0.0,2026-03-02T11:32:08.879220+00:00
style-dictionary/style-dictionary,1516,207,1,0.004831,2026-03-02T11:32:08.879220+00:00
stylelint/stylelint,910,68,0,0.0,2026-03-02T11:32:08.879220+00:00
sudheerj/ECMAScript-features,174,21,0,0.0,2026-03-02T11:32:08.879220+00:00
sunniejs/sol-weapp,664,107,0,0.0,2026-03-02T11:32:08.879220+00:00
sverweij/dependency-cruiser,570,75,0,0.0,2026-03-02T11:32:08.879220+00:00
svgdotjs/svg.js,999,162,1,0.006173,2026-03-02T11:32:08.879220+00:00
sweet-js/sweet-core,534,87,1,0.011494,2026-03-02T11:32:08.879220+00:00
tailwindlabs/heroicons,108,21,0,0.0,2026-03-02T11:32:08.879220+00:00
tailwindlabs/tailwindcss-typography,438,77,0,0.0,2026-03-02T11:32:08.879220+00:00
tangbc/vue-virtual-scroll-list,733,86,0,0.0,2026-03-02T11:32:08.879220+00:00
tech-shrimp/gemini-playground,177,76,1,0.013158,2026-03-02T11:32:08.879220+00:00
techfort/LokiJS,346,132,0,0.0,2026-03-02T11:32:08.879220+00:00
tengbao/vanta,403,114,0,0.0,2026-03-02T11:32:08.879220+00:00
terkelg/prompts,96,21,0,0.0,2026-03-02T11:32:08.879220+00:00
terser/terser,218,46,0,0.0,2026-03-02T11:32:08.879220+00:00
testdouble/scripty,262,51,0,0.0,2026-03-02T11:32:08.879220+00:00
thomaspark/bootswatch,381,91,0,0.0,2026-03-02T11:32:08.879220+00:00
toji/gl-matrix,662,112,0,0.0,2026-03-02T11:32:08.879220+00:00
tomayac/SVGcode,765,136,1,0.007353,2026-03-02T11:32:08.879220+00:00
transitive-bullshit/create-react-library,393,70,0,0.0,2026-03-02T11:32:08.879220+00:00
travist/jsencrypt,391,54,0,0.0,2026-03-02T11:32:08.879220+00:00
tvkhoa/react-tippy,859,190,0,0.0,2026-03-02T11:32:08.879220+00:00
typicode/hotel,1319,222,0,0.0,2026-03-02T11:32:08.879220+00:00
typicode/lowdb,424,55,0,0.0,2026-03-02T11:32:08.879220+00:00
uilibrary/matx-react,699,126,1,0.007937,2026-03-02T11:32:08.879220+00:00
uncss/uncss,368,86,1,0.011628,2026-03-02T11:32:08.879220+00:00
up-for-grabs/up-for-grabs.net,930,119,1,0.008403,2026-03-02T11:32:08.879220+00:00
usebruno/bruno,2198,310,2,0.006452,2026-03-02T11:32:08.879220+00:00
ustbhuangyi/vue-analysis,874,188,0,0.0,2026-03-02T11:32:08.879220+00:00
vakata/jstree,538,91,1,0.010989,2026-03-02T11:32:08.879220+00:00
verlok/vanilla-lazyload,496,84,0,0.0,2026-03-02T11:32:08.879220+00:00
videojs/video.js,1266,220,0,0.0,2026-03-02T11:32:08.879220+00:00
wagerfield/parallax,627,163,0,0.0,2026-03-02T11:32:08.879220+00:00
webpack/enhanced-resolve,812,77,0,0.0,2026-03-02T11:32:08.879220+00:00
webpack/less-loader,1190,92,0,0.0,2026-03-02T11:32:08.879220+00:00
webpack/mini-css-extract-plugin,1353,172,1,0.005814,2026-03-02T11:32:08.879220+00:00
webpack/webpack-bundle-analyzer,1387,150,1,0.006667,2026-03-02T11:32:08.879220+00:00
webpack/webpack-dev-server,1445,192,1,0.005208,2026-03-02T11:32:08.879220+00:00
webslides/WebSlides,922,214,0,0.0,2026-03-02T11:32:08.879220+00:00
webtorrent/webtorrent-desktop,1093,137,2,0.014599,2026-03-02T11:32:08.879220+00:00
wekan/wekan,257,69,1,0.014493,2026-03-02T11:32:08.879220+00:00
wesbos/awesome-uses,2427,259,1,0.003861,2026-03-02T11:32:08.879220+00:00
winstonjs/winston,543,49,0,0.0,2026-03-02T11:32:08.879220+00:00
xanderfrangos/twinkle-tray,1399,211,2,0.009479,2026-03-02T11:32:08.879220+00:00
yaronn/blessed-contrib,231,48,0,0.0,2026-03-02T11:32:08.879220+00:00
ygs-code/vue,278,72,0,0.0,2026-03-02T11:32:08.879220+00:00
you-dont-need/You-Dont-Need-Lodash-Underscore,217,75,0,0.0,2026-03-02T11:32:08.879220+00:00
you-dont-need/You-Dont-Need-Momentjs,382,65,0,0.0,2026-03-02T11:32:08.879220+00:00
zen-browser/desktop,591,71,0,0.0,2026-03-02T11:32:08.879220+00:00
zenorocha/clipboard.js,824,130,0,0.0,2026-03-02T11:32:08.879220+00:00
zhaoolee/ChineseBQB,174,41,0,0.0,2026-03-02T11:32:08.879220+00:00
zhaoolee/ChromeAppHeroes,52,17,0,0.0,2026-03-02T11:32:08.879220+00:00
zhukov/webogram,1057,170,0,0.0,2026-03-02T11:32:08.879220+00:00
zhw2590582/SubPlayer,1479,213,0,0.0,2026-03-02T11:32:08.879220+00:00
ziahamza/webui-aria2,626,170,1,0.005882,2026-03-02T11:32:08.879220+00:00
zloirock/core-js,459,76,0,0.0,2026-03-02T11:32:08.879220+00:00
